CUSTOMER_ID,RECENCY,FREQUENCY,MONETARY_VALUE,AVG_PURCHASE,SEGMENT
CUST_00001,58.0,16.0,3211.52,200.72,Regular
CUST_00002,208.0,2.0,1540.49,770.24,Dormant
CUST_00003,22.0,1.0,782.33,782.33,New
CUST_00004,16.0,2.0,628.26,314.13,New
CUST_00005,29.0,11.0,599.84,54.53,Regular
CUST_00006,58.0,10.0,4819.53,481.95,Regular
CUST_00007,24.0,58.0,9636.8,166.15,VIP
CUST_00008,214.0,8.0,579.18,72.4,Dormant
CUST_00009,9.0,2.0,828.33,414.16,New
CUST_00010,1.0,1.0,783.34,783.34,New
CUST_00011,14.0,84.0,4338.46,51.65,VIP
CUST_00012,303.0,13.0,1325.06,101.93,Dormant
CUST_00013,87.0,15.0,281.91,18.79,Dormant
CUST_00014,56.0,19.0,2220.18,116.85,Regular
CUST_00015,11.0,3.0,1482.94,494.31,Regular
CUST_00016,38.0,20.0,1670.04,83.5,Regular
CUST_00017,50.0,17.0,2599.24,152.9,Regular
CUST_00018,11.0,3.0,986.2,328.73,New
CUST_00019,44.0,16.0,3515.43,219.71,Regular
CUST_00020,13.0,10.0,5369.49,536.95,Regular
CUST_00021,17.0,1.0,77.07,77.07,New
CUST_00022,12.0,10.0,3637.84,363.78,Regular
CUST_00023,13.0,5.0,2882.01,576.4,Regular
CUST_00024,39.0,23.0,3141.21,136.57,Regular
CUST_00025,47.0,8.0,3825.02,478.13,Regular
CUST_00026,7.0,2.0,440.55,220.28,New
CUST_00027,34.0,14.0,569.67,40.69,Regular
CUST_00028,11.0,5.0,842.5,168.5,New
CUST_00029,10.0,3.0,591.79,197.26,New
CUST_00030,27.0,65.0,17391.09,267.56,VIP
CUST_00031,5.0,1.0,521.01,521.01,New
CUST_00032,44.0,5.0,2972.07,594.41,Regular
CUST_00033,19.0,57.0,9849.3,172.79,VIP
CUST_00034,240.0,11.0,259.97,23.63,Dormant
CUST_00035,291.0,13.0,1985.42,152.72,Dormant
CUST_00036,220.0,11.0,427.75,38.89,Dormant
CUST_00037,12.0,17.0,3572.23,210.13,Regular
CUST_00038,9.0,47.0,17823.34,379.22,VIP
CUST_00039,10.0,2.0,138.89,69.44,New
CUST_00040,49.0,4.0,2273.91,568.48,Regular
CUST_00041,24.0,9.0,665.91,73.99,Regular
CUST_00042,21.0,5.0,867.87,173.57,Regular
CUST_00043,12.0,83.0,12900.47,155.43,VIP
CUST_00044,66.0,13.0,141.39,10.88,Dormant
CUST_00045,18.0,4.0,1455.83,363.96,Regular
CUST_00046,7.0,4.0,458.68,114.67,New
CUST_00047,20.0,22.0,4083.7,185.62,Regular
CUST_00048,13.0,3.0,954.43,318.14,New
CUST_00049,9.0,4.0,377.45,94.36,New
CUST_00050,46.0,8.0,606.44,75.81,Regular
CUST_00051,332.0,13.0,873.42,67.19,Dormant
CUST_00052,13.0,2.0,635.84,317.92,New
CUST_00053,237.0,9.0,2069.0,229.89,Dormant
CUST_00054,207.0,13.0,346.85,26.68,Dormant
CUST_00055,7.0,2.0,198.58,99.29,New
CUST_00056,171.0,3.0,1592.49,530.83,Dormant
CUST_00057,21.0,55.0,11072.36,201.32,VIP
CUST_00058,47.0,13.0,3226.85,248.22,Regular
CUST_00059,12.0,64.0,6310.49,98.6,VIP
CUST_00060,38.0,15.0,3308.51,220.57,Regular
CUST_00061,37.0,3.0,3717.66,1239.22,Regular
CUST_00062,32.0,10.0,1180.37,118.04,Regular
CUST_00063,197.0,3.0,187.98,62.66,Dormant
CUST_00064,15.0,10.0,3320.0,332.0,Regular
CUST_00065,52.0,21.0,4944.4,235.45,Regular
CUST_00066,13.0,4.0,519.89,129.97,New
CUST_00067,35.0,6.0,569.03,94.84,Regular
CUST_00068,74.0,5.0,1397.39,279.48,Dormant
CUST_00069,21.0,72.0,13449.4,186.8,VIP
CUST_00070,242.0,2.0,432.14,216.07,Dormant
CUST_00071,2.0,5.0,497.41,99.48,New
CUST_00072,39.0,18.0,1965.45,109.19,Regular
CUST_00073,25.0,81.0,19359.36,239.0,VIP
CUST_00074,74.0,12.0,181.75,15.15,Dormant
CUST_00075,2.0,1.0,767.88,767.88,New
CUST_00076,1.0,2.0,614.14,307.07,New
CUST_00077,14.0,1.0,701.66,701.66,New
CUST_00078,4.0,44.0,14085.22,320.12,VIP
CUST_00079,22.0,5.0,1310.34,262.07,Regular
CUST_00080,59.0,19.0,2921.4,153.76,Regular
CUST_00081,200.0,11.0,736.53,66.96,Dormant
CUST_00082,1.0,2.0,553.69,276.84,New
CUST_00083,40.0,14.0,4173.87,298.13,Regular
CUST_00084,32.0,27.0,14736.63,545.8,VIP
CUST_00085,20.0,16.0,4500.15,281.26,Regular
CUST_00086,36.0,16.0,3775.11,235.94,Regular
CUST_00087,17.0,5.0,828.4,165.68,New
CUST_00088,17.0,3.0,85.54,,New
CUST_00089,59.0,5.0,440.21,88.04,Dormant
CUST_00090,46.0,22.0,3740.48,170.02,Regular
CUST_00091,36.0,14.0,687.63,49.12,Regular
CUST_00092,3.0,3.0,310.97,103.66,New
CUST_00093,17.0,5.0,769.36,153.87,New
CUST_00094,20.0,1.0,136.07,136.07,New
CUST_00095,1.0,1.0,247.82,247.82,New
CUST_00096,31.0,14.0,3743.12,267.37,Regular
CUST_00097,10.0,1.0,636.97,636.97,New
CUST_00098,41.0,6.0,1559.5,259.92,Regular
CUST_00099,22.0,82.0,12180.86,148.55,VIP
CUST_00100,21.0,3.0,2393.57,797.86,Regular
CUST_00101,9.0,93.0,21272.85,228.74,VIP
CUST_00102,22.0,2.0,882.95,441.48,New
CUST_00103,20.0,5.0,835.15,167.03,Regular
CUST_00104,16.0,1.0,429.27,429.27,New
CUST_00105,147.0,9.0,1098.78,122.09,Dormant
CUST_00106,39.0,14.0,3168.56,226.33,Regular
CUST_00107,12.0,13.0,2297.78,176.75,Regular
CUST_00108,11.0,1.0,434.65,434.65,New
CUST_00109,24.0,14.0,4285.91,306.14,Regular
CUST_00110,28.0,62.0,4234.74,68.3,VIP
CUST_00111,53.0,19.0,1402.37,73.81,Regular
CUST_00112,20.0,24.0,965.22,40.22,Regular
CUST_00113,83.0,14.0,1503.04,107.36,Dormant
CUST_00114,215.0,1.0,729.78,729.78,Dormant
CUST_00115,15.0,3.0,704.08,234.69,New
CUST_00116,134.0,9.0,1905.13,211.68,Dormant
CUST_00117,324.0,4.0,1206.44,301.61,Dormant
CUST_00118,26.0,14.0,3926.94,280.5,Regular
CUST_00119,179.0,9.0,1633.13,181.46,Dormant
CUST_00120,2.0,3.0,796.47,265.49,New
CUST_00121,200.0,3.0,1329.86,443.29,Dormant
CUST_00122,230.0,1.0,1330.1,1330.1,Dormant
CUST_00123,23.0,21.0,1681.31,80.06,Regular
CUST_00124,23.0,13.0,1418.69,109.13,Regular
CUST_00125,41.0,10.0,3523.95,352.39,Regular
CUST_00126,49.0,14.0,3078.48,219.89,Regular
CUST_00127,82.0,5.0,1342.89,268.58,Dormant
CUST_00128,,8.0,1273.64,159.2,Dormant
CUST_00129,1.0,87.0,10403.66,119.58,VIP
CUST_00130,1.0,5.0,933.54,186.71,New
CUST_00131,63.0,7.0,2539.3,362.76,Regular
CUST_00132,6.0,16.0,3799.18,237.45,Regular
CUST_00133,43.0,25.0,912.95,36.52,Regular
CUST_00134,42.0,18.0,1360.78,75.6,Regular
CUST_00135,116.0,13.0,752.75,57.9,Dormant
CUST_00136,36.0,18.0,839.71,46.65,Regular
CUST_00137,11.0,3.0,567.68,189.23,New
CUST_00138,7.0,3.0,114.61,38.2,New
CUST_00139,21.0,14.0,3273.43,233.82,Regular
CUST_00140,213.0,1.0,703.13,703.13,Dormant
CUST_00141,305.0,10.0,974.32,97.43,Dormant
CUST_00142,35.0,8.0,4937.3,617.16,Regular
CUST_00143,19.0,8.0,2295.61,286.95,Regular
CUST_00144,58.0,6.0,3847.4,641.23,Regular
CUST_00145,15.0,20.0,1397.5,69.87,Regular
CUST_00146,1.0,20.0,8825.3,441.27,VIP
CUST_00147,1.0,2.0,526.89,263.45,New
CUST_00148,1.0,2.0,1066.96,533.48,New
CUST_00149,2.0,45.0,14864.05,330.31,VIP
CUST_00150,11.0,18.0,4404.28,244.68,Regular
CUST_00151,215.0,14.0,126.38,9.03,Dormant
CUST_00152,36.0,22.0,2689.48,122.25,Regular
CUST_00153,22.0,22.0,907.05,41.23,Regular
CUST_00154,31.0,14.0,1050.41,75.03,Regular
CUST_00155,320.0,12.0,1136.11,94.68,Dormant
CUST_00156,44.0,12.0,1509.77,125.81,Regular
CUST_00157,5.0,2.0,170.68,85.34,New
CUST_00158,3.0,2.0,478.24,239.12,New
CUST_00159,27.0,8.0,545.54,68.19,Regular
CUST_00160,7.0,2.0,528.19,264.1,New
CUST_00161,18.0,4.0,2056.9,514.23,Regular
CUST_00162,16.0,1.0,811.49,811.49,New
CUST_00163,12.0,1.0,521.9,521.9,New
CUST_00164,1.0,3.0,402.99,134.33,New
CUST_00165,33.0,69.0,21158.84,306.65,VIP
CUST_00166,174.0,7.0,346.18,49.45,Dormant
CUST_00167,15.0,19.0,1342.11,70.64,Regular
CUST_00168,51.0,15.0,2675.08,178.34,Regular
CUST_00169,18.0,99.0,21146.72,213.6,VIP
CUST_00170,6.0,2.0,810.01,405.0,New
CUST_00171,3.0,1.0,850.61,850.61,New
CUST_00172,1.0,41.0,5284.76,128.9,VIP
CUST_00173,11.0,4.0,425.61,106.4,New
CUST_00174,52.0,10.0,2460.34,246.03,Regular
CUST_00175,5.0,2.0,143.01,71.5,New
CUST_00176,45.0,13.0,1882.71,144.82,Regular
CUST_00177,7.0,1.0,114.78,114.78,New
CUST_00178,61.0,13.0,4261.06,327.77,Regular
CUST_00179,244.0,,335.71,27.98,Dormant
CUST_00180,31.0,11.0,1882.19,171.11,Regular
CUST_00181,36.0,23.0,842.73,36.64,Regular
CUST_00182,31.0,7.0,4009.65,572.81,Regular
CUST_00183,291.0,1.0,1487.54,1487.54,Dormant
CUST_00184,297.0,6.0,529.04,88.17,Dormant
CUST_00185,30.0,17.0,1038.96,61.12,Regular
CUST_00186,19.0,4.0,481.57,120.39,New
CUST_00187,332.0,12.0,1609.53,134.13,Dormant
CUST_00188,20.0,4.0,742.84,185.71,New
CUST_00189,9.0,4.0,228.1,57.02,New
CUST_00190,51.0,10.0,3919.74,391.97,Regular
CUST_00191,11.0,29.0,14121.7,486.96,VIP
CUST_00192,169.0,12.0,1279.94,106.66,Dormant
CUST_00193,116.0,11.0,1673.85,152.17,Dormant
CUST_00194,12.0,3.0,220.29,73.43,New
CUST_00195,44.0,9.0,2484.78,276.09,Regular
CUST_00196,44.0,10.0,3035.51,303.55,Regular
CUST_00197,13.0,1.0,174.59,174.59,New
CUST_00198,175.0,8.0,853.31,106.66,Dormant
CUST_00199,247.0,6.0,1427.9,237.98,Dormant
CUST_00200,15.0,1.0,323.05,323.05,New
CUST_00201,23.0,1.0,628.17,628.17,New
CUST_00202,2.0,82.0,11924.49,145.42,VIP
CUST_00203,37.0,22.0,2433.15,110.6,Regular
CUST_00204,362.0,9.0,1298.76,144.31,Dormant
CUST_00205,6.0,4.0,592.22,148.06,New
CUST_00206,10.0,26.0,19759.55,759.98,VIP
CUST_00207,14.0,21.0,1408.85,67.09,Regular
CUST_00208,10.0,1.0,445.91,445.91,New
CUST_00209,2.0,63.0,8254.8,131.03,VIP
CUST_00210,28.0,22.0,2097.9,95.36,Regular
CUST_00211,1.0,2.0,722.81,361.41,New
CUST_00212,7.0,2.0,122.07,61.03,New
CUST_00213,8.0,1.0,94.08,94.08,New
CUST_00214,18.0,6.0,1581.51,263.58,Regular
CUST_00215,13.0,1.0,899.15,899.15,New
CUST_00216,55.0,22.0,3331.3,151.42,Regular
CUST_00217,38.0,12.0,947.15,78.93,Regular
CUST_00218,19.0,3.0,909.45,303.15,New
CUST_00219,13.0,1.0,445.94,445.94,New
CUST_00220,141.0,10.0,427.81,42.78,Dormant
CUST_00221,7.0,1.0,243.57,243.57,New
CUST_00222,11.0,1.0,866.11,866.11,New
CUST_00223,33.0,80.0,14806.24,185.08,VIP
CUST_00224,31.0,20.0,2896.78,144.84,Regular
CUST_00225,6.0,13.0,1420.41,109.26,Regular
CUST_00226,8.0,12.0,2837.62,236.47,Regular
CUST_00227,135.0,9.0,1503.34,167.04,Dormant
CUST_00228,45.0,21.0,3496.65,166.51,Regular
CUST_00229,129.0,15.0,1764.46,117.63,Dormant
CUST_00230,16.0,2.0,1044.51,522.26,New
CUST_00231,19.0,2.0,538.94,269.47,New
CUST_00232,9.0,1.0,399.62,399.62,New
CUST_00233,15.0,3.0,693.6,231.2,New
CUST_00234,22.0,13.0,1631.86,125.53,Regular
CUST_00235,19.0,12.0,1969.67,164.14,Regular
CUST_00236,3.0,2.0,241.48,120.74,New
CUST_00237,54.0,16.0,4338.72,271.17,Regular
CUST_00238,7.0,52.0,16583.78,318.92,VIP
CUST_00239,17.0,3.0,946.88,315.63,New
CUST_00240,26.0,3.0,2539.78,846.59,Regular
CUST_00241,328.0,1.0,403.27,403.27,Dormant
CUST_00242,303.0,9.0,1140.53,126.73,Dormant
CUST_00243,210.0,12.0,766.63,63.89,Dormant
CUST_00244,18.0,24.0,5112.88,213.04,Regular
CUST_00245,28.0,28.0,16699.51,596.41,VIP
CUST_00246,194.0,13.0,799.39,61.49,Dormant
CUST_00247,33.0,4.0,1483.37,370.84,Regular
CUST_00248,134.0,7.0,1054.13,150.59,Dormant
CUST_00249,195.0,12.0,1667.25,138.94,Dormant
CUST_00250,333.0,3.0,594.15,198.05,Dormant
CUST_00251,43.0,11.0,3607.13,327.92,Regular
CUST_00252,12.0,8.0,3893.14,486.64,Regular
CUST_00253,284.0,8.0,786.88,98.36,Dormant
CUST_00254,22.0,11.0,4806.5,436.95,Regular
CUST_00255,36.0,5.0,2878.03,575.61,Regular
CUST_00256,6.0,1.0,336.02,336.02,New
CUST_00257,329.0,11.0,2096.68,190.61,Dormant
CUST_00258,11.0,1.0,948.08,948.08,New
CUST_00259,16.0,3.0,673.12,224.37,New
CUST_00260,27.0,37.0,15343.22,414.68,VIP
CUST_00261,7.0,5.0,308.21,61.64,New
CUST_00262,145.0,12.0,1137.89,94.82,Dormant
CUST_00263,37.0,14.0,817.62,58.4,Regular
CUST_00264,12.0,2.0,536.33,268.17,New
CUST_00265,239.0,13.0,2027.9,155.99,Dormant
CUST_00266,17.0,2.0,617.66,308.83,New
CUST_00267,6.0,2.0,129.43,64.71,New
CUST_00268,1.0,2.0,112.23,56.12,New
CUST_00269,59.0,12.0,2228.7,185.73,Regular
CUST_00270,38.0,13.0,5317.12,409.01,Regular
CUST_00271,236.0,3.0,1544.09,514.7,Dormant
CUST_00272,128.0,5.0,592.59,118.52,Dormant
CUST_00273,316.0,7.0,1176.61,168.09,Dormant
CUST_00274,122.0,12.0,1136.35,94.7,Dormant
CUST_00275,1.0,1.0,320.44,320.44,New
CUST_00276,5.0,2.0,318.75,159.37,New
CUST_00277,8.0,1.0,65.16,65.16,New
CUST_00278,1.0,1.0,434.57,434.57,New
CUST_00279,13.0,1.0,103.84,103.84,New
CUST_00280,16.0,1.0,953.0,953.0,New
CUST_00281,239.0,9.0,133.32,14.81,Dormant
CUST_00282,52.0,18.0,2623.54,145.75,Regular
CUST_00283,49.0,14.0,3844.66,274.62,Regular
CUST_00284,29.0,87.0,4536.41,52.14,VIP
CUST_00285,13.0,2.0,936.07,468.03,New
CUST_00286,1.0,55.0,10194.22,185.35,VIP
CUST_00287,33.0,21.0,771.93,36.76,Regular
CUST_00288,10.0,1.0,647.3,647.3,New
CUST_00289,16.0,17.0,635.78,37.4,Regular
CUST_00290,7.0,4.0,233.81,58.45,New
CUST_00291,31.0,56.0,14029.86,250.53,VIP
CUST_00292,13.0,52.0,11260.52,216.55,VIP
CUST_00293,275.0,14.0,1308.56,93.47,Dormant
CUST_00294,44.0,13.0,2215.94,170.46,Regular
CUST_00295,44.0,16.0,4678.07,292.38,Regular
CUST_00296,17.0,1.0,474.54,474.54,New
CUST_00297,5.0,3.0,610.17,203.39,New
CUST_00298,48.0,9.0,1071.29,119.03,Regular
CUST_00299,15.0,2.0,434.56,217.28,New
CUST_00300,15.0,31.0,10077.34,325.08,VIP
CUST_00301,2.0,65.0,6962.84,107.12,VIP
CUST_00302,19.0,2.0,975.55,487.77,New
CUST_00303,11.0,1.0,396.4,396.4,New
CUST_00304,9.0,2.0,61.5,30.75,New
CUST_00305,2.0,2.0,396.99,198.49,New
CUST_00306,331.0,10.0,1084.19,108.42,Dormant
CUST_00307,15.0,1.0,576.46,576.46,New
CUST_00308,44.0,17.0,3702.56,217.8,Regular
CUST_00309,6.0,2.0,725.72,362.86,New
CUST_00310,51.0,16.0,3670.6,229.41,Regular
CUST_00311,29.0,7.0,1039.51,148.5,Regular
CUST_00312,25.0,37.0,14902.64,402.77,VIP
CUST_00313,23.0,39.0,6542.33,167.75,VIP
CUST_00314,201.0,,1341.81,268.36,Dormant
CUST_00315,176.0,1.0,1616.84,1616.84,Dormant
CUST_00316,9.0,5.0,103.46,20.69,New
CUST_00317,18.0,9.0,1394.6,154.96,Regular
CUST_00318,54.0,23.0,4370.91,190.04,Regular
CUST_00319,21.0,5.0,3160.47,632.09,Regular
CUST_00320,55.0,22.0,4970.89,225.95,Regular
CUST_00321,,5.0,978.25,195.65,New
CUST_00322,3.0,2.0,48.74,24.37,New
CUST_00323,5.0,3.0,281.31,93.77,New
CUST_00324,57.0,19.0,1650.21,86.85,Regular
CUST_00325,78.0,12.0,159.77,13.31,Dormant
CUST_00326,18.0,4.0,720.0,180.0,New
CUST_00327,17.0,2.0,1129.05,564.52,New
CUST_00328,2.0,3.0,72.1,24.03,New
CUST_00329,12.0,20.0,1265.76,63.29,Regular
CUST_00330,14.0,5.0,3597.95,719.59,Regular
CUST_00331,16.0,5.0,687.86,137.57,Regular
CUST_00332,7.0,1.0,675.74,675.74,New
CUST_00333,22.0,35.0,17309.63,494.56,VIP
CUST_00334,21.0,9.0,697.81,77.53,Regular
CUST_00335,16.0,50.0,9515.88,190.32,VIP
CUST_00336,15.0,72.0,21136.72,293.57,VIP
CUST_00337,291.0,14.0,1848.59,132.04,Dormant
CUST_00338,21.0,2.0,595.81,297.9,New
CUST_00339,27.0,20.0,1781.85,89.09,Regular
CUST_00340,23.0,50.0,11631.93,232.64,VIP
CUST_00341,42.0,17.0,4865.31,286.19,Regular
CUST_00342,53.0,16.0,2023.56,126.47,Regular
CUST_00343,38.0,20.0,1437.91,71.9,Regular
CUST_00344,58.0,13.0,567.03,43.62,Regular
CUST_00345,35.0,13.0,4798.74,369.13,Regular
CUST_00346,9.0,2.0,774.66,387.33,New
CUST_00347,3.0,2.0,795.21,397.6,New
CUST_00348,26.0,49.0,11575.43,236.23,VIP
CUST_00349,51.0,16.0,3864.06,241.5,Regular
CUST_00350,20.0,2.0,710.36,,New
CUST_00351,14.0,2.0,998.92,499.46,New
CUST_00352,83.0,10.0,951.59,95.16,Dormant
CUST_00353,15.0,1.0,96.41,96.41,New
CUST_00354,25.0,6.0,4966.49,827.75,Regular
CUST_00355,20.0,73.0,16210.95,222.07,VIP
CUST_00356,15.0,2.0,361.37,180.69,New
CUST_00357,2.0,48.0,21292.03,443.58,VIP
CUST_00358,1.0,,107.91,53.95,New
CUST_00359,176.0,5.0,870.46,174.09,Dormant
CUST_00360,,1.0,314.81,314.81,New
CUST_00361,19.0,5.0,,631.87,Regular
CUST_00362,15.0,1.0,1066.61,1066.61,New
CUST_00363,39.0,21.0,4735.61,225.51,Regular
CUST_00364,13.0,2.0,360.82,180.41,New
CUST_00365,284.0,4.0,666.47,166.62,Dormant
CUST_00366,20.0,21.0,3115.57,148.36,Regular
CUST_00367,289.0,1.0,150.98,150.98,Dormant
CUST_00368,106.0,6.0,422.16,70.36,Dormant
CUST_00369,39.0,7.0,2646.23,378.03,Regular
CUST_00370,28.0,29.0,9105.91,314.0,VIP
CUST_00371,20.0,17.0,2668.75,156.99,Regular
CUST_00372,30.0,88.0,7912.35,89.91,VIP
CUST_00373,15.0,31.0,22931.43,739.72,VIP
CUST_00374,9.0,2.0,750.71,375.35,New
CUST_00375,31.0,75.0,15138.32,201.84,VIP
CUST_00376,56.0,20.0,524.08,26.2,Regular
CUST_00377,109.0,1.0,1808.15,1808.15,Dormant
CUST_00378,26.0,39.0,22767.0,583.77,VIP
CUST_00379,266.0,13.0,1304.24,100.33,Dormant
CUST_00380,12.0,14.0,5413.29,386.66,Regular
CUST_00381,22.0,20.0,3815.65,190.78,Regular
CUST_00382,7.0,3.0,1022.76,340.92,New
CUST_00383,8.0,1.0,385.71,385.71,New
CUST_00384,210.0,4.0,536.45,134.11,Dormant
CUST_00385,1.0,2.0,1145.82,572.91,New
CUST_00386,308.0,7.0,442.74,63.25,Dormant
CUST_00387,51.0,5.0,3033.65,606.73,Regular
CUST_00388,63.0,17.0,522.76,30.75,Regular
CUST_00389,12.0,2.0,606.09,303.05,New
CUST_00390,114.0,6.0,1469.41,244.9,Dormant
CUST_00391,203.0,12.0,311.87,25.99,Dormant
CUST_00392,39.0,4.0,4932.97,1233.24,Regular
CUST_00393,9.0,24.0,1072.07,44.67,Regular
CUST_00394,12.0,1.0,818.63,818.63,New
CUST_00395,32.0,20.0,3028.64,151.43,Regular
CUST_00396,178.0,5.0,946.14,189.23,Dormant
CUST_00397,254.0,1.0,339.55,339.55,Dormant
CUST_00398,15.0,9.0,3627.87,403.1,Regular
CUST_00399,13.0,2.0,984.58,492.29,New
CUST_00400,6.0,1.0,444.23,444.23,New
CUST_00401,26.0,20.0,1304.93,65.25,Regular
CUST_00402,174.0,7.0,134.35,19.19,Dormant
CUST_00403,12.0,3.0,597.68,199.23,New
CUST_00404,101.0,14.0,1572.43,112.32,Dormant
CUST_00405,13.0,4.0,4055.02,1013.75,Regular
CUST_00406,337.0,12.0,173.58,14.47,Dormant
CUST_00407,17.0,9.0,3308.96,367.66,Regular
CUST_00408,18.0,79.0,12622.92,159.78,VIP
CUST_00409,100.0,1.0,1500.7,1500.7,Dormant
CUST_00410,25.0,67.0,16617.3,248.02,VIP
CUST_00411,23.0,21.0,5442.87,259.18,Regular
CUST_00412,83.0,3.0,1076.73,358.91,Dormant
CUST_00413,342.0,10.0,1457.9,145.79,Dormant
CUST_00414,17.0,1.0,611.22,611.22,New
CUST_00415,15.0,2.0,547.12,273.56,New
CUST_00416,13.0,23.0,2444.96,106.3,Regular
CUST_00417,49.0,17.0,3152.89,185.46,Regular
CUST_00418,51.0,19.0,547.42,28.81,Regular
CUST_00419,5.0,2.0,577.93,288.97,New
CUST_00420,18.0,5.0,686.47,137.29,New
CUST_00421,1.0,1.0,165.22,165.22,New
CUST_00422,15.0,2.0,199.8,99.9,New
CUST_00423,26.0,22.0,13633.29,619.7,VIP
CUST_00424,53.0,10.0,796.52,79.65,Regular
CUST_00425,3.0,32.0,18619.02,581.84,VIP
CUST_00426,9.0,3.0,749.62,249.87,New
CUST_00427,33.0,23.0,2550.46,110.89,Regular
CUST_00428,169.0,8.0,1948.36,243.55,Dormant
CUST_00429,41.0,21.0,516.37,24.59,Regular
CUST_00430,20.0,19.0,5419.22,285.22,Regular
CUST_00431,17.0,5.0,1912.74,382.55,Regular
CUST_00432,1.0,1.0,428.2,428.2,New
CUST_00433,8.0,3.0,178.68,59.56,New
CUST_00434,34.0,24.0,1702.74,70.95,Regular
CUST_00435,29.0,25.0,5058.04,202.32,VIP
CUST_00436,4.0,3.0,468.88,156.29,New
CUST_00437,10.0,68.0,10628.14,156.3,VIP
CUST_00438,153.0,10.0,1536.2,153.62,Dormant
CUST_00439,7.0,2.0,162.25,81.13,New
CUST_00440,15.0,40.0,9834.12,245.85,VIP
CUST_00441,16.0,84.0,10687.14,127.23,VIP
CUST_00442,261.0,12.0,1445.37,120.45,Dormant
CUST_00443,46.0,6.0,1411.29,235.22,Regular
CUST_00444,28.0,14.0,3753.84,268.13,Regular
CUST_00445,310.0,4.0,1240.57,310.14,Dormant
CUST_00446,363.0,5.0,2209.33,441.87,Dormant
CUST_00447,201.0,5.0,1580.9,316.18,Dormant
CUST_00448,12.0,2.0,142.9,71.45,New
CUST_00449,47.0,25.0,4426.72,177.07,Regular
CUST_00450,1.0,93.0,10321.76,110.99,VIP
CUST_00451,7.0,2.0,605.79,302.9,New
CUST_00452,5.0,1.0,671.73,671.73,New
CUST_00453,38.0,19.0,1618.85,85.2,Regular
CUST_00454,221.0,10.0,1419.55,141.95,Dormant
CUST_00455,30.0,7.0,4504.51,643.5,Regular
CUST_00456,49.0,5.0,1817.73,363.55,Regular
CUST_00457,20.0,92.0,7344.97,79.84,VIP
CUST_00458,40.0,4.0,5049.69,1262.42,Regular
CUST_00459,21.0,20.0,,722.52,VIP
CUST_00460,55.0,14.0,4713.41,336.67,Regular
CUST_00461,21.0,15.0,1832.1,122.14,Regular
CUST_00462,5.0,4.0,144.7,36.17,New
CUST_00463,18.0,1.0,256.86,256.86,New
CUST_00464,4.0,1.0,260.92,260.92,New
CUST_00465,166.0,2.0,761.25,380.62,Dormant
CUST_00466,20.0,12.0,2739.8,228.32,Regular
CUST_00467,34.0,18.0,2101.0,116.72,Regular
CUST_00468,173.0,10.0,722.82,72.28,Dormant
CUST_00469,55.0,13.0,745.37,,Regular
CUST_00470,172.0,6.0,1585.11,264.19,Dormant
CUST_00471,3.0,47.0,10013.86,213.06,VIP
CUST_00472,222.0,7.0,438.71,62.67,Dormant
CUST_00473,12.0,35.0,16314.88,466.14,VIP
CUST_00474,167.0,1.0,622.79,622.79,Dormant
CUST_00475,15.0,3.0,944.58,314.86,New
CUST_00476,178.0,5.0,300.42,60.08,Dormant
CUST_00477,4.0,65.0,9646.62,148.41,VIP
CUST_00478,3.0,2.0,665.07,332.54,New
CUST_00479,258.0,8.0,777.93,97.24,Dormant
CUST_00480,1.0,2.0,460.52,230.26,New
CUST_00481,14.0,2.0,835.12,417.56,New
CUST_00482,2.0,4.0,830.0,207.5,New
CUST_00483,39.0,19.0,4197.0,220.89,Regular
CUST_00484,4.0,1.0,624.27,624.27,New
CUST_00485,19.0,2.0,745.75,372.88,New
CUST_00486,210.0,7.0,1261.44,180.21,Dormant
CUST_00487,13.0,59.0,13708.14,232.34,VIP
CUST_00488,26.0,21.0,4166.44,198.4,Regular
CUST_00489,201.0,6.0,708.25,118.04,Dormant
CUST_00490,107.0,1.0,217.2,217.2,Dormant
CUST_00491,47.0,6.0,5147.23,857.87,Regular
CUST_00492,18.0,2.0,479.96,239.98,New
CUST_00493,35.0,14.0,1828.92,130.64,Regular
CUST_00494,47.0,8.0,2751.39,343.92,Regular
CUST_00495,47.0,13.0,3401.94,261.69,Regular
CUST_00496,41.0,20.0,697.7,34.88,Regular
CUST_00497,6.0,5.0,769.66,153.93,New
CUST_00498,18.0,84.0,13783.16,164.09,VIP
CUST_00499,274.0,7.0,1682.77,240.4,Dormant
CUST_00500,335.0,8.0,1884.1,235.51,Dormant
CUST_00501,10.0,5.0,440.65,88.13,New
CUST_00502,12.0,2.0,279.15,139.58,New
CUST_00503,21.0,22.0,3060.7,139.12,Regular
CUST_00504,333.0,3.0,1959.06,653.02,Dormant
CUST_00505,10.0,2.0,855.26,427.63,New
CUST_00506,35.0,18.0,1344.49,74.69,Regular
CUST_00507,267.0,3.0,1088.93,362.98,Dormant
CUST_00508,258.0,1.0,832.84,832.84,Dormant
CUST_00509,126.0,13.0,1811.06,139.31,Dormant
CUST_00510,17.0,3.0,699.57,233.19,New
CUST_00511,10.0,1.0,1023.83,1023.83,New
CUST_00512,11.0,10.0,1340.03,134.0,Regular
CUST_00513,239.0,11.0,2395.58,217.78,Dormant
CUST_00514,219.0,14.0,814.77,58.2,Dormant
CUST_00515,20.0,73.0,10879.13,149.03,VIP
CUST_00516,12.0,44.0,12246.62,278.33,VIP
CUST_00517,51.0,5.0,4538.36,907.67,Regular
CUST_00518,81.0,4.0,2121.94,530.49,Dormant
CUST_00519,117.0,11.0,1405.29,127.75,Dormant
CUST_00520,54.0,6.0,1803.43,300.57,Regular
CUST_00521,17.0,1.0,1101.64,1101.64,New
CUST_00522,25.0,10.0,3394.27,339.43,Regular
CUST_00523,268.0,9.0,1889.49,209.94,Dormant
CUST_00524,122.0,8.0,1149.18,143.65,Dormant
CUST_00525,125.0,8.0,1011.92,126.49,Dormant
CUST_00526,55.0,20.0,2726.32,136.32,Regular
CUST_00527,44.0,14.0,2729.86,194.99,Regular
CUST_00528,51.0,6.0,3890.92,648.49,Regular
CUST_00529,1.0,57.0,14555.62,255.36,VIP
CUST_00530,134.0,9.0,227.82,25.31,Dormant
CUST_00531,353.0,11.0,234.22,21.29,Dormant
CUST_00532,296.0,8.0,1000.53,125.07,Dormant
CUST_00533,277.0,8.0,1567.42,195.93,Dormant
CUST_00534,6.0,1.0,696.76,696.76,New
CUST_00535,13.0,4.0,364.31,,New
CUST_00536,329.0,9.0,1796.01,199.56,Dormant
CUST_00537,128.0,11.0,380.6,34.6,Dormant
CUST_00538,17.0,24.0,2953.13,123.05,Regular
CUST_00539,51.0,12.0,2774.6,231.22,Regular
CUST_00540,57.0,13.0,1683.17,129.47,Regular
CUST_00541,85.0,1.0,670.15,670.15,Dormant
CUST_00542,4.0,3.0,941.37,313.79,New
CUST_00543,31.0,7.0,4368.52,624.07,Regular
CUST_00544,5.0,5.0,169.95,33.99,New
CUST_00545,21.0,1.0,528.49,528.49,New
CUST_00546,46.0,14.0,1383.93,98.85,Regular
CUST_00547,25.0,12.0,2853.87,237.82,Regular
CUST_00548,10.0,2.0,939.08,469.54,New
CUST_00549,18.0,1.0,802.27,802.27,New
CUST_00550,4.0,4.0,428.43,107.11,New
CUST_00551,3.0,1.0,899.02,899.02,New
CUST_00552,136.0,10.0,1276.61,127.66,Dormant
CUST_00553,8.0,1.0,775.91,775.91,New
CUST_00554,3.0,3.0,599.48,199.83,New
CUST_00555,156.0,14.0,1133.96,81.0,Dormant
CUST_00556,19.0,18.0,1895.67,105.31,Regular
CUST_00557,20.0,20.0,4521.74,226.09,Regular
CUST_00558,13.0,51.0,7444.71,145.97,VIP
CUST_00559,8.0,1.0,527.59,527.59,New
CUST_00560,8.0,1.0,182.87,182.87,New
CUST_00561,13.0,4.0,417.66,104.42,New
CUST_00562,59.0,12.0,1668.2,139.02,Regular
CUST_00563,51.0,7.0,2239.25,319.89,Regular
CUST_00564,1.0,34.0,16856.7,495.79,VIP
CUST_00565,26.0,18.0,3309.15,183.84,Regular
CUST_00566,11.0,4.0,636.87,159.22,New
CUST_00567,43.0,25.0,2053.52,82.14,Regular
CUST_00568,52.0,6.0,3653.38,608.9,Regular
CUST_00569,333.0,10.0,1293.11,129.31,Dormant
CUST_00570,38.0,15.0,2113.54,140.9,Regular
CUST_00571,6.0,1.0,151.41,151.41,New
CUST_00572,8.0,2.0,863.23,431.61,New
CUST_00573,57.0,21.0,2557.35,121.78,Regular
CUST_00574,8.0,3.0,83.88,27.96,New
CUST_00575,212.0,12.0,1169.7,97.47,Dormant
CUST_00576,95.0,8.0,1165.14,145.64,Dormant
CUST_00577,56.0,14.0,2204.31,157.45,Regular
CUST_00578,161.0,3.0,1169.24,389.75,Dormant
CUST_00579,50.0,11.0,1789.63,162.69,Regular
CUST_00580,51.0,6.0,4469.5,744.92,Regular
CUST_00581,16.0,10.0,673.18,67.32,Regular
CUST_00582,138.0,8.0,749.16,93.65,Dormant
CUST_00583,31.0,15.0,4156.44,277.1,Regular
CUST_00584,25.0,6.0,2146.38,357.73,Regular
CUST_00585,20.0,1.0,440.24,440.24,New
CUST_00586,52.0,7.0,4800.85,685.84,Regular
CUST_00587,1.0,66.0,13464.22,204.0,VIP
CUST_00588,42.0,8.0,2309.47,288.68,Regular
CUST_00589,35.0,4.0,877.19,219.3,Regular
CUST_00590,26.0,16.0,3198.05,199.88,Regular
CUST_00591,16.0,22.0,726.54,33.02,Regular
CUST_00592,1.0,3.0,525.0,175.0,New
CUST_00593,35.0,24.0,614.7,25.61,Regular
CUST_00594,13.0,18.0,703.37,39.08,Regular
CUST_00595,252.0,7.0,1945.76,277.97,Dormant
CUST_00596,40.0,14.0,3230.58,230.76,Regular
CUST_00597,8.0,4.0,696.0,174.0,New
CUST_00598,17.0,12.0,4567.1,380.59,Regular
CUST_00599,35.0,24.0,552.46,23.02,Regular
CUST_00600,9.0,19.0,10191.8,536.41,VIP
CUST_00601,21.0,19.0,943.21,49.64,Regular
CUST_00602,60.0,19.0,1648.41,86.76,Regular
CUST_00603,26.0,20.0,2371.92,118.6,Regular
CUST_00604,15.0,89.0,16335.62,183.55,VIP
CUST_00605,57.0,6.0,477.95,79.66,Regular
CUST_00606,31.0,5.0,623.09,124.62,Regular
CUST_00607,10.0,20.0,5288.53,264.43,Regular
CUST_00608,23.0,11.0,2486.86,226.08,Regular
CUST_00609,6.0,3.0,639.23,213.08,New
CUST_00610,6.0,4.0,452.42,113.1,New
CUST_00611,12.0,90.0,8317.54,92.42,VIP
CUST_00612,12.0,3.0,613.68,204.56,New
CUST_00613,2.0,2.0,176.69,88.35,New
CUST_00614,13.0,86.0,13368.57,155.45,VIP
CUST_00615,226.0,10.0,569.79,56.98,Dormant
CUST_00616,159.0,9.0,772.34,85.82,Dormant
CUST_00617,19.0,89.0,16339.41,183.59,VIP
CUST_00618,56.0,8.0,479.88,59.99,Regular
CUST_00619,167.0,5.0,1518.13,303.63,Dormant
CUST_00620,18.0,2.0,661.67,330.84,New
CUST_00621,12.0,19.0,3595.11,189.22,Regular
CUST_00622,21.0,6.0,1732.94,288.82,Regular
CUST_00623,36.0,11.0,2365.65,215.06,Regular
CUST_00624,17.0,15.0,5161.75,344.12,Regular
CUST_00625,17.0,1.0,400.84,400.84,New
CUST_00626,26.0,20.0,2787.8,139.39,Regular
CUST_00627,37.0,5.0,1471.25,294.25,Regular
CUST_00628,17.0,1.0,397.68,397.68,New
CUST_00629,17.0,67.0,6026.83,89.95,VIP
CUST_00630,25.0,18.0,1706.01,94.78,Regular
CUST_00631,1.0,3.0,74.5,24.83,New
CUST_00632,328.0,1.0,129.35,129.35,Dormant
CUST_00633,20.0,3.0,749.46,249.82,New
CUST_00634,8.0,3.0,56.74,18.91,New
CUST_00635,25.0,11.0,4010.66,364.61,Regular
CUST_00636,16.0,17.0,3777.46,,Regular
CUST_00637,8.0,2.0,116.87,58.43,New
CUST_00638,39.0,20.0,4121.2,206.06,Regular
CUST_00639,15.0,15.0,4125.22,275.01,Regular
CUST_00640,42.0,17.0,2967.81,174.58,Regular
CUST_00641,3.0,44.0,16931.5,384.81,VIP
CUST_00642,41.0,4.0,2644.2,661.05,Regular
CUST_00643,35.0,15.0,1814.2,120.95,Regular
CUST_00644,36.0,8.0,4123.53,515.44,Regular
CUST_00645,48.0,24.0,2512.97,104.71,Regular
CUST_00646,203.0,8.0,929.88,116.23,Dormant
CUST_00647,9.0,1.0,152.98,152.98,New
CUST_00648,14.0,3.0,562.47,187.49,New
CUST_00649,1.0,1.0,524.85,524.85,New
CUST_00650,7.0,25.0,2674.95,107.0,Regular
CUST_00651,15.0,35.0,8629.74,246.56,VIP
CUST_00652,1.0,3.0,466.45,155.48,New
CUST_00653,13.0,4.0,105.47,26.37,New
CUST_00654,5.0,3.0,225.12,75.04,New
CUST_00655,37.0,8.0,1147.32,143.42,Regular
CUST_00656,49.0,14.0,4982.78,355.91,Regular
CUST_00657,11.0,20.0,3397.26,169.86,Regular
CUST_00658,39.0,12.0,3796.85,316.4,Regular
CUST_00659,8.0,1.0,219.73,219.73,New
CUST_00660,14.0,4.0,156.41,39.1,New
CUST_00661,15.0,14.0,2091.76,149.41,Regular
CUST_00662,281.0,2.0,1087.48,543.74,Dormant
CUST_00663,1.0,4.0,581.27,145.32,New
CUST_00664,9.0,17.0,3649.88,214.7,Regular
CUST_00665,29.0,13.0,2519.06,193.77,Regular
CUST_00666,43.0,17.0,1409.69,82.92,Regular
CUST_00667,29.0,19.0,4502.65,236.98,Regular
CUST_00668,38.0,16.0,3267.74,204.23,Regular
CUST_00669,40.0,18.0,1603.7,89.09,Regular
CUST_00670,23.0,12.0,532.64,44.39,Regular
CUST_00671,49.0,16.0,1056.28,66.02,Regular
CUST_00672,101.0,2.0,769.23,384.62,Dormant
CUST_00673,22.0,95.0,7348.02,77.35,VIP
CUST_00674,17.0,3.0,,98.82,New
CUST_00675,46.0,15.0,4837.16,322.48,Regular
CUST_00676,153.0,7.0,1216.06,173.72,Dormant
CUST_00677,18.0,6.0,1669.36,278.23,Regular
CUST_00678,60.0,16.0,3466.98,216.69,Regular
CUST_00679,109.0,1.0,1515.98,1515.98,Dormant
CUST_00680,255.0,11.0,1868.1,169.83,Dormant
CUST_00681,219.0,3.0,1274.42,424.81,Dormant
CUST_00682,30.0,18.0,1606.31,89.24,Regular
CUST_00683,31.0,9.0,845.71,93.97,Regular
CUST_00684,12.0,2.0,685.86,342.93,New
CUST_00685,361.0,10.0,315.73,31.57,Dormant
CUST_00686,10.0,4.0,692.22,173.05,New
CUST_00687,14.0,2.0,655.39,327.7,New
CUST_00688,10.0,17.0,2751.57,161.86,Regular
CUST_00689,1.0,3.0,656.89,218.96,New
CUST_00690,14.0,13.0,4952.39,380.95,Regular
CUST_00691,44.0,16.0,2041.85,127.62,Regular
CUST_00692,36.0,18.0,817.08,45.39,Regular
CUST_00693,5.0,2.0,862.09,431.04,New
CUST_00694,38.0,12.0,1684.04,140.34,Regular
CUST_00695,53.0,22.0,845.02,38.41,Regular
CUST_00696,1.0,2.0,182.05,91.02,New
CUST_00697,54.0,24.0,492.31,20.51,Regular
CUST_00698,10.0,4.0,872.01,218.0,New
CUST_00699,31.0,19.0,1229.56,64.71,Regular
CUST_00700,54.0,8.0,3811.92,476.49,Regular
CUST_00701,2.0,3.0,662.39,220.8,New
CUST_00702,4.0,70.0,16961.29,242.3,VIP
CUST_00703,31.0,7.0,2546.78,363.83,Regular
CUST_00704,36.0,18.0,2507.21,139.29,Regular
CUST_00705,17.0,63.0,18471.97,293.21,VIP
CUST_00706,215.0,5.0,928.32,185.66,Dormant
CUST_00707,20.0,5.0,1817.71,363.54,Regular
CUST_00708,129.0,12.0,177.69,14.81,Dormant
CUST_00709,44.0,7.0,470.42,67.2,Regular
CUST_00710,13.0,1.0,732.3,732.3,New
CUST_00711,11.0,3.0,277.07,92.36,New
CUST_00712,3.0,1.0,140.67,140.67,New
CUST_00713,31.0,14.0,4405.69,314.69,Regular
CUST_00714,36.0,16.0,3970.66,248.17,Regular
CUST_00715,38.0,5.0,4696.4,939.28,Regular
CUST_00716,245.0,6.0,856.76,142.79,Dormant
CUST_00717,242.0,5.0,1137.81,227.56,Dormant
CUST_00718,278.0,5.0,1654.33,330.87,Dormant
CUST_00719,21.0,11.0,2729.41,248.13,Regular
CUST_00720,15.0,1.0,116.43,116.43,New
CUST_00721,130.0,9.0,607.9,67.54,Dormant
CUST_00722,31.0,8.0,841.86,105.23,Regular
CUST_00723,15.0,26.0,15600.81,600.03,VIP
CUST_00724,7.0,3.0,839.5,279.83,New
CUST_00725,14.0,2.0,356.82,178.41,New
CUST_00726,75.0,8.0,343.73,42.97,Dormant
CUST_00727,50.0,8.0,2304.87,288.11,Regular
CUST_00728,14.0,2.0,331.12,165.56,New
CUST_00729,40.0,24.0,2111.94,88.0,Regular
CUST_00730,40.0,4.0,489.93,122.48,Regular
CUST_00731,37.0,13.0,2516.04,193.54,Regular
CUST_00732,328.0,4.0,318.06,79.52,Dormant
CUST_00733,1.0,2.0,665.83,332.91,New
CUST_00734,18.0,1.0,352.33,352.33,New
CUST_00735,44.0,9.0,1408.67,156.52,Regular
CUST_00736,293.0,1.0,766.26,766.26,Dormant
CUST_00737,23.0,22.0,4183.41,190.15,Regular
CUST_00738,238.0,12.0,513.67,42.81,Dormant
CUST_00739,45.0,13.0,3558.25,273.71,Regular
CUST_00740,27.0,21.0,4324.75,205.94,Regular
CUST_00741,34.0,10.0,1011.5,101.15,Regular
CUST_00742,28.0,15.0,3278.88,218.59,Regular
CUST_00743,3.0,4.0,383.11,95.78,New
CUST_00744,4.0,4.0,396.98,99.25,New
CUST_00745,18.0,13.0,3382.62,260.2,Regular
CUST_00746,356.0,14.0,929.44,66.39,Dormant
CUST_00747,33.0,19.0,3360.83,176.89,Regular
CUST_00748,9.0,1.0,738.83,738.83,New
CUST_00749,202.0,1.0,1867.38,1867.38,Dormant
CUST_00750,17.0,1.0,619.5,619.5,New
CUST_00751,39.0,6.0,1174.0,195.67,Regular
CUST_00752,282.0,11.0,1803.14,163.92,Dormant
CUST_00753,16.0,1.0,538.63,538.63,New
CUST_00754,49.0,10.0,1646.38,164.64,Regular
CUST_00755,16.0,10.0,2840.23,284.02,Regular
CUST_00756,21.0,4.0,51.46,12.86,New
CUST_00757,12.0,2.0,311.22,155.61,New
CUST_00758,14.0,3.0,617.22,205.74,New
CUST_00759,136.0,1.0,1951.52,1951.52,Dormant
CUST_00760,12.0,3.0,,197.51,New
CUST_00761,42.0,10.0,1084.0,108.4,Regular
CUST_00762,49.0,15.0,4625.26,308.35,Regular
CUST_00763,33.0,9.0,5745.28,638.36,Regular
CUST_00764,15.0,2.0,853.57,426.79,New
CUST_00765,13.0,37.0,11652.21,314.92,VIP
CUST_00766,17.0,2.0,597.37,298.69,New
CUST_00767,1.0,3.0,259.65,86.55,New
CUST_00768,275.0,9.0,107.09,11.9,Dormant
CUST_00769,35.0,15.0,3960.91,264.06,Regular
CUST_00770,154.0,5.0,172.55,34.51,Dormant
CUST_00771,47.0,23.0,1861.51,80.94,Regular
CUST_00772,254.0,12.0,1574.79,131.23,Dormant
CUST_00773,18.0,22.0,4753.71,216.08,Regular
CUST_00774,30.0,14.0,2587.26,184.8,Regular
CUST_00775,1.0,2.0,723.94,361.97,New
CUST_00776,48.0,12.0,4956.85,413.07,Regular
CUST_00777,56.0,6.0,3377.66,562.94,Regular
CUST_00778,5.0,3.0,713.53,237.84,New
CUST_00779,17.0,1.0,150.89,150.89,New
CUST_00780,8.0,1.0,657.15,657.15,New
CUST_00781,14.0,4.0,942.84,235.71,New
CUST_00782,1.0,5.0,540.01,108.0,New
CUST_00783,28.0,22.0,1934.24,87.92,Regular
CUST_00784,37.0,20.0,4723.3,236.16,Regular
CUST_00785,58.0,18.0,1763.47,97.97,Regular
CUST_00786,310.0,13.0,1735.99,133.54,Dormant
CUST_00787,8.0,1.0,367.94,367.94,New
CUST_00788,38.0,9.0,650.28,72.25,Regular
CUST_00789,22.0,23.0,2107.77,91.64,Regular
CUST_00790,326.0,2.0,1310.25,655.12,Dormant
CUST_00791,7.0,7.0,2915.82,416.55,Regular
CUST_00792,5.0,2.0,434.77,217.38,New
CUST_00793,8.0,1.0,216.66,216.66,New
CUST_00794,9.0,2.0,1037.73,518.87,New
CUST_00795,24.0,56.0,17418.08,311.04,VIP
CUST_00796,154.0,1.0,306.63,306.63,Dormant
CUST_00797,234.0,9.0,1408.26,156.47,Dormant
CUST_00798,7.0,1.0,237.46,237.46,New
CUST_00799,17.0,1.0,139.26,139.26,New
CUST_00800,225.0,7.0,1828.79,261.26,Dormant
CUST_00801,23.0,3.0,943.45,314.48,New
CUST_00802,27.0,13.0,3373.43,259.49,Regular
CUST_00803,1.0,2.0,388.77,194.38,New
CUST_00804,18.0,1.0,48.07,48.07,New
CUST_00805,15.0,25.0,3899.16,155.97,Regular
CUST_00806,18.0,1.0,264.08,264.08,New
CUST_00807,244.0,7.0,610.64,87.23,Dormant
CUST_00808,97.0,2.0,2030.98,1015.49,Dormant
CUST_00809,49.0,17.0,3841.07,225.95,Regular
CUST_00810,24.0,14.0,484.87,34.63,Regular
CUST_00811,252.0,5.0,467.15,93.43,Dormant
CUST_00812,75.0,13.0,828.4,63.72,Dormant
CUST_00813,32.0,3.0,4780.65,1593.55,Regular
CUST_00814,236.0,6.0,1248.38,208.06,Dormant
CUST_00815,262.0,13.0,820.52,63.12,Dormant
CUST_00816,17.0,2.0,808.55,404.28,New
CUST_00817,5.0,1.0,181.34,181.34,New
CUST_00818,16.0,16.0,,73.86,Regular
CUST_00819,10.0,63.0,21104.62,334.99,VIP
CUST_00820,37.0,8.0,957.68,119.71,Regular
CUST_00821,150.0,6.0,867.21,144.53,Dormant
CUST_00822,26.0,46.0,8391.52,182.42,VIP
CUST_00823,15.0,20.0,4773.6,238.68,Regular
CUST_00824,42.0,9.0,2182.91,242.55,Regular
CUST_00825,1.0,1.0,362.91,362.91,New
CUST_00826,252.0,11.0,1264.3,114.94,Dormant
CUST_00827,20.0,20.0,1194.05,59.7,Regular
CUST_00828,48.0,22.0,4319.66,196.35,Regular
CUST_00829,1.0,4.0,92.28,23.07,New
CUST_00830,49.0,12.0,792.91,66.08,Regular
CUST_00831,29.0,10.0,3669.11,366.91,Regular
CUST_00832,17.0,7.0,5536.93,790.99,Regular
CUST_00833,45.0,15.0,1443.36,96.22,Regular
CUST_00834,23.0,18.0,4091.78,227.32,Regular
CUST_00835,49.0,20.0,1315.06,65.75,Regular
CUST_00836,30.0,22.0,2820.49,128.2,Regular
CUST_00837,327.0,11.0,620.34,56.39,Dormant
CUST_00838,30.0,19.0,4805.83,252.94,Regular
CUST_00839,1.0,2.0,1009.93,504.96,New
CUST_00840,12.0,4.0,424.66,106.17,New
CUST_00841,8.0,71.0,15784.37,222.32,VIP
CUST_00842,4.0,3.0,87.09,29.03,New
CUST_00843,38.0,15.0,859.09,57.27,Regular
CUST_00844,196.0,3.0,462.5,154.17,Dormant
CUST_00845,39.0,16.0,1800.98,112.56,Regular
CUST_00846,16.0,24.0,3021.96,125.91,Regular
CUST_00847,16.0,50.0,9630.37,192.61,VIP
CUST_00848,141.0,6.0,1229.42,204.9,Dormant
CUST_00849,7.0,4.0,78.3,19.58,New
CUST_00850,13.0,3.0,207.36,69.12,New
CUST_00851,16.0,21.0,14146.9,673.66,VIP
CUST_00852,14.0,2.0,398.61,199.31,New
CUST_00853,31.0,21.0,1837.67,87.51,Regular
CUST_00854,129.0,3.0,621.95,207.32,Dormant
CUST_00855,13.0,8.0,1444.65,180.58,Regular
CUST_00856,46.0,11.0,3383.24,307.57,Regular
CUST_00857,8.0,41.0,20556.36,501.37,VIP
CUST_00858,48.0,19.0,1484.89,78.15,Regular
CUST_00859,18.0,1.0,85.01,85.01,New
CUST_00860,17.0,19.0,11668.53,614.13,VIP
CUST_00861,8.0,1.0,694.27,694.27,New
CUST_00862,7.0,15.0,3445.82,229.72,Regular
CUST_00863,22.0,2.0,649.57,324.79,New
CUST_00864,18.0,9.0,1214.42,134.94,Regular
CUST_00865,38.0,13.0,2243.16,172.55,Regular
CUST_00866,10.0,3.0,111.02,37.01,New
CUST_00867,18.0,4.0,4306.48,1076.62,Regular
CUST_00868,35.0,15.0,4426.54,295.1,Regular
CUST_00869,305.0,7.0,1214.59,173.51,Dormant
CUST_00870,308.0,7.0,1254.48,179.21,Dormant
CUST_00871,31.0,24.0,3850.9,160.45,Regular
CUST_00872,52.0,13.0,2974.67,228.82,Regular
CUST_00873,9.0,3.0,487.18,162.39,New
CUST_00874,10.0,21.0,997.0,47.48,Regular
CUST_00875,21.0,38.0,8415.03,221.45,VIP
CUST_00876,48.0,14.0,2660.97,190.07,Regular
CUST_00877,6.0,1.0,567.42,567.42,New
CUST_00878,16.0,1.0,532.66,532.66,New
CUST_00879,24.0,98.0,8036.21,82.0,VIP
CUST_00880,16.0,21.0,4693.13,223.48,Regular
CUST_00881,26.0,24.0,2093.17,87.22,Regular
CUST_00882,8.0,1.0,74.64,74.64,New
CUST_00883,13.0,20.0,5882.39,294.12,VIP
CUST_00884,24.0,21.0,569.07,27.1,Regular
CUST_00885,11.0,1.0,211.12,211.12,New
CUST_00886,57.0,22.0,4594.51,208.84,Regular
CUST_00887,1.0,1.0,611.48,611.48,New
CUST_00888,12.0,15.0,3378.6,225.24,Regular
CUST_00889,14.0,60.0,8301.77,138.36,VIP
CUST_00890,50.0,17.0,2892.41,170.14,Regular
CUST_00891,7.0,3.0,453.86,151.29,New
CUST_00892,154.0,3.0,1913.41,637.8,Dormant
CUST_00893,117.0,15.0,303.37,20.22,Dormant
CUST_00894,13.0,12.0,3206.33,267.19,Regular
CUST_00895,12.0,1.0,314.83,314.83,New
CUST_00896,23.0,9.0,5516.68,612.96,Regular
CUST_00897,18.0,4.0,4715.54,1178.88,Regular
CUST_00898,208.0,11.0,1728.78,157.16,Dormant
CUST_00899,10.0,23.0,11310.34,491.75,VIP
CUST_00900,12.0,94.0,8013.91,85.25,VIP
CUST_00901,43.0,21.0,2370.96,112.9,Regular
CUST_00902,22.0,58.0,5080.51,87.6,VIP
CUST_00903,59.0,12.0,3677.84,306.49,Regular
CUST_00904,10.0,4.0,781.92,195.48,New
CUST_00905,46.0,21.0,4051.78,192.94,Regular
CUST_00906,84.0,4.0,2032.44,508.11,Dormant
CUST_00907,168.0,10.0,2033.59,203.36,Dormant
CUST_00908,14.0,15.0,1450.7,96.71,Regular
CUST_00909,19.0,19.0,3187.88,167.78,Regular
CUST_00910,26.0,18.0,1484.82,82.49,Regular
CUST_00911,22.0,2.0,200.34,100.17,New
CUST_00912,47.0,7.0,2031.55,290.22,Regular
CUST_00913,17.0,2.0,971.78,485.89,New
CUST_00914,25.0,12.0,1118.59,93.22,Regular
CUST_00915,21.0,1.0,82.92,82.92,New
CUST_00916,46.0,11.0,2620.11,238.19,Regular
CUST_00917,17.0,19.0,3212.92,169.1,Regular
CUST_00918,326.0,5.0,1817.64,363.53,Dormant
CUST_00919,14.0,5.0,952.13,190.43,New
CUST_00920,30.0,9.0,1043.28,115.92,Regular
CUST_00921,147.0,1.0,714.67,714.67,Dormant
CUST_00922,27.0,5.0,850.5,170.1,Regular
CUST_00923,110.0,2.0,693.48,346.74,Dormant
CUST_00924,15.0,1.0,397.39,397.39,New
CUST_00925,15.0,21.0,3551.65,169.13,Regular
CUST_00926,20.0,80.0,11402.72,142.53,VIP
CUST_00927,54.0,6.0,2760.21,460.04,Regular
CUST_00928,8.0,1.0,372.59,372.59,New
CUST_00929,11.0,1.0,84.71,84.71,New
CUST_00930,15.0,12.0,1581.54,131.79,Regular
CUST_00931,46.0,22.0,3604.95,163.86,Regular
CUST_00932,161.0,7.0,675.22,96.46,Dormant
CUST_00933,244.0,11.0,1209.8,,Dormant
CUST_00934,1.0,1.0,,237.99,New
CUST_00935,37.0,12.0,3322.91,276.91,Regular
CUST_00936,31.0,20.0,3092.04,154.6,Regular
CUST_00937,4.0,73.0,18047.06,247.22,VIP
CUST_00938,100.0,10.0,721.89,72.19,Dormant
CUST_00939,42.0,,1915.66,87.08,Regular
CUST_00940,12.0,2.0,499.97,249.99,New
CUST_00941,31.0,8.0,921.48,115.19,Regular
CUST_00942,8.0,1.0,327.66,327.66,New
CUST_00943,16.0,3.0,454.05,151.35,New
CUST_00944,184.0,1.0,637.3,637.3,Dormant
CUST_00945,48.0,4.0,863.98,216.0,Regular
CUST_00946,2.0,62.0,14802.03,238.74,VIP
CUST_00947,41.0,6.0,4000.9,666.82,Regular
CUST_00948,154.0,1.0,1087.01,1087.01,Dormant
CUST_00949,290.0,8.0,533.95,66.74,Dormant
CUST_00950,7.0,1.0,245.38,245.38,New
CUST_00951,1.0,5.0,858.05,171.61,New
CUST_00952,10.0,5.0,341.54,68.31,New
CUST_00953,22.0,6.0,3370.09,561.68,Regular
CUST_00954,296.0,1.0,1452.97,1452.97,Dormant
CUST_00955,15.0,23.0,1190.86,51.78,Regular
CUST_00956,14.0,5.0,4494.39,,Regular
CUST_00957,6.0,1.0,275.48,275.48,New
CUST_00958,26.0,92.0,7546.02,82.02,VIP
CUST_00959,53.0,6.0,2718.55,453.09,Regular
CUST_00960,11.0,2.0,595.27,297.64,New
CUST_00961,9.0,48.0,7848.22,163.5,VIP
CUST_00962,12.0,2.0,477.75,238.87,New
CUST_00963,29.0,14.0,1261.54,90.11,Regular
CUST_00964,28.0,19.0,4418.96,232.58,Regular
CUST_00965,36.0,17.0,3757.43,221.03,Regular
CUST_00966,43.0,21.0,3039.22,144.72,Regular
CUST_00967,9.0,2.0,447.36,223.68,New
CUST_00968,52.0,17.0,3432.18,201.89,Regular
CUST_00969,6.0,3.0,744.32,248.11,New
CUST_00970,39.0,9.0,3508.75,389.86,Regular
CUST_00971,14.0,2.0,300.23,150.11,New
CUST_00972,242.0,4.0,946.57,236.64,Dormant
CUST_00973,16.0,1.0,515.36,515.36,New
CUST_00974,50.0,9.0,2694.52,299.39,Regular
CUST_00975,6.0,75.0,5898.77,78.65,VIP
CUST_00976,45.0,18.0,640.65,35.59,Regular
CUST_00977,2.0,1.0,200.25,200.25,New
CUST_00978,2.0,85.0,6762.42,79.56,VIP
CUST_00979,15.0,10.0,4858.54,485.85,Regular
CUST_00980,10.0,1.0,286.0,286.0,New
CUST_00981,19.0,18.0,1997.53,110.97,Regular
CUST_00982,17.0,3.0,683.76,227.92,New
CUST_00983,23.0,20.0,779.51,38.98,Regular
CUST_00984,12.0,98.0,12701.68,129.61,VIP
CUST_00985,6.0,1.0,331.86,331.86,New
CUST_00986,18.0,13.0,2341.06,180.08,Regular
CUST_00987,7.0,4.0,706.84,176.71,New
CUST_00988,20.0,16.0,2517.14,157.32,Regular
CUST_00989,22.0,15.0,2733.26,182.22,Regular
CUST_00990,99.0,7.0,1615.59,230.8,Dormant
CUST_00991,5.0,2.0,156.56,78.28,New
CUST_00992,8.0,2.0,532.15,266.07,New
CUST_00993,21.0,10.0,4128.2,412.82,Regular
CUST_00994,13.0,2.0,820.54,410.27,New
CUST_00995,19.0,12.0,1494.7,124.56,Regular
CUST_00996,25.0,76.0,15434.93,203.09,VIP
CUST_00997,145.0,3.0,235.83,78.61,Dormant
CUST_00998,52.0,24.0,4001.56,166.73,Regular
CUST_00999,172.0,12.0,1333.58,111.13,Dormant
CUST_01000,28.0,17.0,614.42,36.14,Regular
